93,CCATTGTATAAACC,CCATTGTATAAACC,CTCCCAAAGCCAGGATTCTTAGTTAAACTATTC,CTTCGTGGTTGATCTTCTAGCCTTCG
530,CCGTATAGAGTACC,CCGTATAGAGTACC,CTCCCAAAGCCAGGATTCTTAGTTAAACTATTC,CTTCGTGGTTGATCTTCTAGCCTTCG
1022,CCTAGTTTGGTGCC,CCTAGTTTGGTGCC,CTCCCAAAGCCAGGATTCTTAGTTAAACTATTC,CTTCGTGGTTGATCTTCTAGCCTTCG
384,CCAAAGTATGAGCC,CCAAAGTATGAGCC,CTCCCAAAGCCAGGATTCTTAGTTAAACTATTC,CTTCGTGGTTGATCTTCTAGCCTTCG
376,CCTAGAGAGAGTCC,CCTAGAGAGAGTCC,CTCCCAAAGCCAGGATTCTTAGTTAAACTATTC,CTTCGTGGTTGATCTTCTAGCCTTCG
314,CCGAATGAATTTCC,CCGAATGAATTTCC,CTCCCAAAGCCAGGATTCTTAGTTAAACTATTC,CTTCGTGGTTGATCTTCTAGCCTTCG
543,CCGTAGTTAGAGCC,CCGTAGTTAGAGCC,CTCCCAAAGCCAGGATTCTTAGTTAAACTATTC,CTTCGTGGTTGATCTTCTAGCCTTCG
4004,CCTTGGTAGTATCC,CCTTGGTAGTATCC,CTCCCAAAGCCAGGATTCTTAGTTAAACTATTC,CTTCGTGGTTGATCTTCTAGCCTTCG
842,CCAGAGAAAGGTCC,CCAGAGAAAGGTCC,CTCCCAAAGCCAGGATTCTTAGTTAAACTATTC,CTTCGTGGTTGATCTTCTAGCCTTCG
990,CCTGTAGAGATGCC,CCTGTAGAGATGCC,CTCCCAAAGCCAGGATTCTTAGTTAAACTATTC,CTTCGTGGTTGATCTTCTAGCCTTCG
904,CCTTGAAGTGTACC,CCTTGAAGTGTACC,CTCCCAAAGCCAGGATTCTTAGTTAAACTATTC,CTTCGTGGTTGATCTTCTAGCCTTCG
985,CCTGTGAAGTAGCC,CCTGTGAAGTAGCC,CTCCCAAAGCCAGGATTCTTAGTTAAACTATTC,CTTCGTGGTTGATCTTCTAGCCTTCG
933,CCAATAGAGTGTCC,CCAATAGAGTGTCC,CTCCCAAAGCCAGGATTCTTAGTTAAACTATTC,CTTCGTGGTTGATCTTCTAGCCTTCG
667,CCAAGGTTTGGACC,CCAAGGTTTGGACC,CTCCCAAAGCCAGGATTCTTAGTTAAACTATTC,CTTCGTGGTTGATCTTCTAGCCTTCG
644,CCAAGTTAAAAACC,CCAAGTTAAAAACC,CTCCCAAAGCCAGGATTCTTAGTTAAACTATTC,CTTCGTGGTTGATCTTCTAGCCTTCG
1010,CCGTGGGTGATGCC,CCGTGGGTGATGCC,CTCCCAAAGCCAGGATTCTTAGTTAAACTATTC,CTTCGTGGTTGATCTTCTAGCCTTCG
648,CCAGGGTTGAAGCC,CCAGGGTTGAAGCC,CTCCCAAAGCCAGGATTCTTAGTTAAACTATTC,CTTCGTGGTTGATCTTCTAGCCTTCG
571,CCGATAAATATGCC,CCGATAAATATGCC,CTCCCAAAGCCAGGATTCTTAGTTAAACTATTC,CTTCGTGGTTGATCTTCTAGCCTTCG
572,CCTTAAAGAGGTCC,CCTTAAAGAGGTCC,CTCCCAAAGCCAGGATTCTTAGTTAAACTATTC,CTTCGTGGTTGATCTTCTAGCCTTCG
675,CCTATGGATATTCC,CCTATGGATATTCC,CTCCCAAAGCCAGGATTCTTAGTTAAACTATTC,CTTCGTGGTTGATCTTCTAGCCTTCG
519,CCAAGTAATTATCC,CCAAGTAATTATCC,CTCCCAAAGCCAGGATTCTTAGTTAAACTATTC,CTTCGTGGTTGATCTTCTAGCCTTCG
18,CCGTTGAAAAATCC,CCGTTGAAAAATCC,CTCCCAAAGCCAGGATTCTTAGTTAAACTATTC,CTTCGTGGTTGATCTTCTAGCCTTCG
19,CCTTTTTTAATACC,CCTTTTTTAATACC,CTCCCAAAGCCAGGATTCTTAGTTAAACTATTC,CTTCGTGGTTGATCTTCTAGCCTTCG
48,CCATGAGGAAGACC,CCATGAGGAAGACC,CTCCCAAAGCCAGGATTCTTAGTTAAACTATTC,CTTCGTGGTTGATCTTCTAGCCTTCG
1003,CCTGTATAATATCC,CCTGTATAATATCC,CTCCCAAAGCCAGGATTCTTAGTTAAACTATTC,CTTCGTGGTTGATCTTCTAGCCTTCG
150,CCAAATAAATGACC,CCAAATAAATGACC,CTCCCAAAGCCAGGATTCTTAGTTAAACTATTC,CTTCGTGGTTGATCTTCTAGCCTTCG
205,CCATATGTTAGTCC,CCATATGTTAGTCC,CTCCCAAAGCCAGGATTCTTAGTTAAACTATTC,CTTCGTGGTTGATCTTCTAGCCTTCG
225,CCGTGGATTAAACC,CCGTGGATTAAACC,CTCCCAAAGCCAGGATTCTTAGTTAAACTATTC,CTTCGTGGTTGATCTTCTAGCCTTCG
228,CCGATTTGTATACC,CCGATTTGTATACC,CTCCCAAAGCCAGGATTCTTAGTTAAACTATTC,CTTCGTGGTTGATCTTCTAGCCTTCG
437,CCATTTAAGTTGCC,CCATTTAAGTTGCC,CTCCCAAAGCCAGGATTCTTAGTTAAACTATTC,CTTCGTGGTTGATCTTCTAGCCTTCG
507,CCTTATTGGAGACC,CCTTATTGGAGACC,CTCCCAAAGCCAGGATTCTTAGTTAAACTATTC,CTTCGTGGTTGATCTTCTAGCCTTCG
554,CCAAAGTGAGTACC,CCAAAGTGAGTACC,CTCCCAAAGCCAGGATTCTTAGTTAAACTATTC,CTTCGTGGTTGATCTTCTAGCCTTCG
405,CCGAAAGATAGACC,CCGAAAGATAGACC,CTCCCAAAGCCAGGATTCTTAGTTAAACTATTC,CTTCGTGGTTGATCTTCTAGCCTTCG
416,CCTGAGGATAAGCC,CCTGAGGATAAGCC,CTCCCAAAGCCAGGATTCTTAGTTAAACTATTC,CTTCGTGGTTGATCTTCTAGCCTTCG
430,CCTAGAGTTAATCC,CCTAGAGTTAATCC,CTCCCAAAGCCAGGATTCTTAGTTAAACTATTC,CTTCGTGGTTGATCTTCTAGCCTTCG
414,CCAGTTAGGATTCC,CCAGTTAGGATTCC,CTCCCAAAGCCAGGATTCTTAGTTAAACTATTC,CTTCGTGGTTGATCTTCTAGCCTTCG
412,CCAGGATTAGTACC,CCAGGATTAGTACC,CTCCCAAAGCCAGGATTCTTAGTTAAACTATTC,CTTCGTGGTTGATCTTCTAGCCTTCG
409,CCTTTATTGTTTCC,CCTTTATTGTTTCC,CTCCCAAAGCCAGGATTCTTAGTTAAACTATTC,CTTCGTGGTTGATCTTCTAGCCTTCG
344,CCGTTTGTGTGTCC,CCGTTTGTGTGTCC,CTCCCAAAGCCAGGATTCTTAGTTAAACTATTC,CTTCGTGGTTGATCTTCTAGCCTTCG
356,CCGTAATGGTATCC,CCGTAATGGTATCC,CTCCCAAAGCCAGGATTCTTAGTTAAACTATTC,CTTCGTGGTTGATCTTCTAGCCTTCG
727,CCTAATATTGAACC,CCTAATATTGAACC,CTCCCAAAGCCAGGATTCTTAGTTAAACTATTC,CTTCGTGGTTGATCTTCTAGCCTTCG
387,CCGAGTTTTAGTCC,CCGAGTTTTAGTCC,CTCCCAAAGCCAGGATTCTTAGTTAAACTATTC,CTTCGTGGTTGATCTTCTAGCCTTCG
86,CCTGAATATGGTCC,CCTGAATATGGTCC,CTCCCAAAGCCAGGATTCTTAGTTAAACTATTC,CTTCGTGGTTGATCTTCTAGCCTTCG
87,CCAAGAATGTGACC,CCAAGAATGTGACC,CTCCCAAAGCCAGGATTCTTAGTTAAACTATTC,CTTCGTGGTTGATCTTCTAGCCTTCG
94,CCAGTTGTAGGACC,CCAGTTGTAGGACC,CTCCCAAAGCCAGGATTCTTAGTTAAACTATTC,CTTCGTGGTTGATCTTCTAGCCTTCG
4005,CCTAAAAGGTTACC,CCTAAAAGGTTACC,CTCCCAAAGCCAGGATTCTTAGTTAAACTATTC,CTTCGTGGTTGATCTTCTAGCCTTCG
2,CCTTGTGATGGTCC,CCTTGTGATGGTCC,CTCCCAAAGCCAGGATTCTTAGTTAAACTATTC,CTTCGTGGTTGATCTTCTAGCCTTCG
4,CCTTAAAAATAGCC,CCTTAAAAATAGCC,CTCCCAAAGCCAGGATTCTTAGTTAAACTATTC,CTTCGTGGTTGATCTTCTAGCCTTCG
84,CCATAGTTGTTACC,CCATAGTTGTTACC,CTCCCAAAGCCAGGATTCTTAGTTAAACTATTC,CTTCGTGGTTGATCTTCTAGCCTTCG
80,CCTTAGGGAAAACC,CCTTAGGGAAAACC,CTCCCAAAGCCAGGATTCTTAGTTAAACTATTC,CTTCGTGGTTGATCTTCTAGCCTTCG
34,CCTGTTGTGAAACC,CCTGTTGTGAAACC,CTCCCAAAGCCAGGATTCTTAGTTAAACTATTC,CTTCGTGGTTGATCTTCTAGCCTTCG
37,CCAGGTGATTGACC,CCAGGTGATTGACC,CTCCCAAAGCCAGGATTCTTAGTTAAACTATTC,CTTCGTGGTTGATCTTCTAGCCTTCG
NTC,CCTGTTGGTAGTCC,CCTGTTGGTAGTCC,CTCCCAAAGCCAGGATTCTTAGTTAAACTATTC,CTTCGTGGTTGATCTTCTAGCCTTCG